track_id,valid_flying_track,confirmed,active_at_end,lifetime_frames,first_frame,last_frame,frame_span,start_cx,start_cy,end_cx,end_cy,path_length_px,net_displacement_px,mean_speed_px_frame,max_step_speed_px_frame,directionality
401,1,1,1,111,668,888,220,130.098,773.953,909.5,432.875,1701.149,850.765,7.732,38.301,0.5001
173,1,1,0,107,242,454,212,1112.435,432.891,1158.553,932.353,2032.825,501.586,9.589,73.767,0.2467
133,1,1,0,91,167,347,180,714.286,469.429,514.903,932.006,1319.992,503.718,7.333,32.903,0.3816
357,1,1,0,84,576,739,163,934.2,490.0,5.078,710.7,1405.708,954.975,8.624,33.523,0.6794
428,1,1,1,81,732,889,157,850.333,430.333,738.583,731.673,936.427,321.393,5.965,17.406,0.3432
80,1,1,0,80,94,260,166,673.385,531.974,522.526,934.842,1676.664,430.187,10.1,42.698,0.2566
81,1,1,0,78,96,245,149,665.844,493.948,343.183,933.155,983.203,544.989,6.599,34.273,0.5543
297,1,1,0,75,470,625,155,1120.897,391.759,678.652,430.391,891.376,443.929,5.751,26.638,0.498
242,1,1,0,74,369,528,159,954.125,531.375,1119.556,461.639,855.071,179.528,5.378,16.781,0.21
205,1,1,0,73,311,457,146,680.561,438.263,72.887,759.735,1473.19,687.468,10.09,56.546,0.4667
74,1,1,0,72,89,244,155,957.273,525.455,678.25,446.083,838.781,290.092,5.411,36.069,0.3458
171,1,1,0,72,240,381,141,664.652,469.348,23.254,646.856,1287.616,665.508,9.132,45.043,0.5169
443,1,1,1,71,752,889,137,1002.931,731.192,782.438,314.688,1631.852,471.268,11.911,80.639,0.2888
341,1,1,0,70,556,708,152,1388.928,490.027,957.618,527.794,770.26,432.961,5.067,50.305,0.5621
430,1,1,0,69,743,876,133,1100.125,440.625,671.857,468.929,513.854,429.202,3.864,12.576,0.8353
65,1,1,0,67,82,211,129,957.364,507.909,11.876,703.785,1318.576,965.565,10.222,46.437,0.7323
409,1,1,0,66,682,809,127,1136.105,513.974,37.797,929.747,1349.839,1174.371,10.629,54.076,0.87
276,1,1,0,65,435,584,149,418.625,750.333,967.333,531.333,939.202,590.798,6.303,37.892,0.629
450,1,1,1,64,772,889,117,667.722,497.389,24.97,679.221,1162.384,667.977,9.935,44.178,0.5747
284,1,1,0,63,445,573,128,805.667,472.267,667.034,478.931,620.003,138.792,4.844,17.352,0.2239
260,1,1,0,62,403,532,129,882.542,732.583,596.2,835.6,854.364,304.309,6.623,19.446,0.3562
367,1,1,0,62,592,710,118,1136.067,478.917,175.874,931.548,1169.152,1061.529,9.908,35.91,0.9079
107,1,1,0,60,125,247,122,669.69,485.379,13.947,676.87,1215.089,683.13,9.96,44.595,0.5622
387,1,1,0,56,630,739,109,674.727,556.727,7.779,808.061,1086.248,712.734,9.966,30.953,0.6561
454,1,1,1,56,775,888,113,9.705,667.979,912.333,475.111,1150.52,923.003,10.182,38.106,0.8022
90,1,1,0,55,104,211,107,706.543,558.022,14.443,807.635,1131.672,735.738,10.576,50.171,0.6501
287,1,1,0,54,447,552,105,693.434,575.057,405.678,932.558,1053.631,458.924,10.035,32.049,0.4356
414,1,1,0,54,704,804,100,957.625,526.625,222.394,770.377,986.481,774.584,9.865,61.669,0.7852
86,1,1,0,53,99,203,104,1396.861,616.542,1126.286,455.429,1193.982,314.91,11.481,58.926,0.2637
64,1,1,0,50,82,183,101,1013.333,440.333,667.368,500.737,620.927,351.198,6.148,24.192,0.5656
459,1,1,1,50,777,889,112,48.447,737.974,1016.8,523.4,1168.379,991.841,10.432,50.249,0.8489
22,1,1,0,49,6,101,95,1377.895,817.956,1114.733,465.833,1081.506,439.595,11.384,35.898,0.4065
268,1,1,0,49,417,510,93,7.544,668.819,1124.231,455.308,1206.409,1136.916,12.972,49.498,0.9424
212,1,1,0,48,319,431,112,276.354,674.488,1131.839,492.774,1139.67,874.571,10.176,33.17,0.7674
213,1,1,0,48,324,427,103,969.273,480.455,699.624,448.437,697.273,271.543,6.77,15.469,0.3894
290,1,1,0,47,451,566,115,969.333,532.333,1008.8,529.4,234.215,39.576,2.037,20.88,0.169
420,1,1,0,47,718,823,105,1128.821,515.4,681.209,484.186,949.741,448.699,9.045,24.368,0.4724
76,1,1,0,45,92,191,99,737.333,509.333,862.833,424.833,385.969,151.296,3.899,15.565,0.392
228,1,1,0,44,344,429,85,678.2,457.167,1117.652,454.348,455.624,439.461,5.36,14.08,0.9645
279,1,1,0,44,439,522,83,742.6,539.067,1120.85,461.1,425.342,386.202,5.125,11.47,0.908
381,1,1,0,44,619,700,81,985.333,602.333,197.442,808.431,925.648,814.401,11.428,39.281,0.8798
254,1,1,0,43,392,480,88,1420.072,630.006,1020.167,530.458,1261.031,412.11,14.33,52.297,0.3268
413,1,1,0,42,700,793,93,1017.643,519.643,671.333,496.333,394.227,347.093,4.239,13.437,0.8804
419,1,1,0,42,718,793,75,1127.071,477.527,669.857,462.929,459.155,457.447,6.122,20.355,0.9963
119,1,1,0,39,150,233,83,1006.857,522.429,356.952,892.032,879.628,747.652,10.598,49.611,0.85
239,1,1,0,39,357,447,90,667.69,545.621,1244.555,929.044,1081.871,692.666,12.021,70.762,0.6402
393,1,1,0,39,652,741,89,996.429,328.095,944.25,319.917,158.245,52.816,1.778,25.987,0.3338
415,1,1,0,39,704,789,85,311.435,783.87,959.25,580.625,805.782,678.95,9.48,24.986,0.8426
203,1,1,0,38,310,393,83,674.538,520.154,958.429,446.286,400.109,293.343,4.821,10.14,0.7332
182,1,1,0,37,251,327,76,843.853,599.382,672.021,891.986,396.235,339.327,5.214,16.499,0.8564
233,1,1,0,37,355,427,72,947.0,499.267,669.404,547.135,535.788,281.693,7.441,26.503,0.5258
358,1,1,0,37,576,660,84,1014.882,534.941,953.688,531.438,166.593,61.295,1.983,24.922,0.3679
100,1,1,0,36,119,187,68,1113.692,372.0,684.854,390.854,432.658,429.253,6.363,11.94,0.9921
264,1,1,0,36,409,494,85,955.4,525.8,1041.95,618.85,288.615,127.08,3.395,22.905,0.4403
331,1,1,0,36,536,614,78,108.021,602.829,670.12,517.8,977.546,568.493,12.533,46.141,0.5816
353,1,1,0,36,572,642,70,979.072,490.275,1109.7,408.5,425.036,154.113,6.072,21.076,0.3626
463,1,1,1,36,799,889,90,1093.8,499.4,1014.333,521.333,461.233,82.438,5.125,48.508,0.1787
126,1,1,0,35,159,242,83,771.875,464.875,691.556,552.111,259.877,118.581,3.131,12.913,0.4563
150,1,1,0,35,203,270,67,877.8,427.4,1117.909,430.182,244.798,240.125,3.654,9.156,0.9809
238,1,1,0,34,357,425,68,665.533,495.95,9.67,734.931,850.804,698.046,12.512,43.937,0.8205
30,1,1,0,33,26,94,68,1120.0,336.655,837.7,154.35,338.787,336.048,4.982,17.4,0.9919
106,1,1,0,33,125,189,64,668.452,462.476,1129.0,457.92,471.562,460.57,7.368,14.419,0.9767
197,1,1,0,33,296,361,65,726.346,529.308,887.05,669.35,378.377,213.161,5.821,17.347,0.5634
296,1,1,0,33,465,530,65,673.829,507.0,1131.8,477.4,460.505,458.927,7.085,13.827,0.9966
301,1,1,0,33,474,550,76,1016.628,532.047,855.487,545.538,255.821,161.705,3.366,22.625,0.6321
190,1,1,0,32,272,349,77,1014.333,524.333,1136.243,562.135,319.327,127.636,4.147,32.061,0.3997
204,1,1,0,32,310,381,71,8.981,647.222,1064.286,466.429,1117.706,1070.679,15.742,43.44,0.9579
258,1,1,0,32,399,459,60,17.187,586.213,699.925,477.806,729.027,691.291,12.15,26.112,0.9482
356,1,1,0,32,573,630,57,956.615,536.0,1130.8,540.4,335.521,174.24,5.886,46.105,0.5193
398,1,1,0,32,662,735,73,669.333,511.333,1100.364,435.909,479.469,437.58,6.568,14.67,0.9126
116,1,1,0,31,145,209,64,1117.5,436.6,688.043,490.304,439.711,432.801,6.87,14.142,0.9843
214,1,1,0,31,324,397,73,1015.432,528.25,926.808,513.154,176.587,89.901,2.419,18.959,0.5091
217,1,1,0,31,327,397,70,776.103,498.034,977.173,527.404,401.309,203.203,5.733,19.432,0.5064
285,1,1,0,31,445,510,65,1093.449,519.319,675.333,500.333,478.58,418.547,7.363,15.355,0.8746
128,1,1,0,29,159,217,58,905.485,699.333,688.667,429.806,522.829,345.912,9.014,23.164,0.6616
359,1,1,0,29,578,632,54,1016.833,527.333,1137.111,479.778,205.196,129.338,3.8,15.535,0.6303
407,1,1,0,29,680,733,53,1137.875,476.875,955.267,533.067,207.41,191.058,3.913,11.26,0.9212
451,1,1,0,29,772,832,60,668.757,540.216,835.378,702.2,344.641,232.382,5.744,11.761,0.6743
378,1,1,0,28,614,668,54,670.5,530.778,813.5,460.8,172.51,159.204,3.195,7.777,0.9229
21,1,1,0,27,6,65,59,1005.364,524.909,1030.364,444.909,332.449,83.815,5.635,23.936,0.2521
127,1,1,0,27,159,225,66,1243.769,675.462,791.0,532.2,585.359,474.894,8.869,35.81,0.8113
174,1,1,0,27,242,299,57,672.333,497.333,964.333,534.333,295.788,294.335,5.189,11.102,0.9951
215,1,1,0,27,324,379,55,956.125,561.833,79.787,711.355,894.263,889.002,16.259,44.435,0.9941
26,1,1,0,26,14,65,51,888.667,563.333,913.241,487.69,374.375,79.535,7.341,29.195,0.2124
453,1,1,0,26,775,825,50,1121.519,521.741,968.149,527.284,431.37,153.469,8.627,30.532,0.3558
6,1,1,0,25,0,46,46,833.593,501.61,667.368,488.553,181.425,166.737,3.944,10.558,0.919
18,1,1,0,25,4,56,52,1286.03,801.182,564.723,402.585,859.491,824.113,16.529,37.837,0.9588
92,1,1,0,25,109,159,50,942.333,432.111,731.125,465.625,235.549,213.851,4.711,12.099,0.9079
109,1,1,0,25,129,179,50,861.19,458.952,682.234,454.281,191.461,179.017,3.829,9.451,0.935
181,1,1,0,25,249,311,62,958.4,536.8,1011.111,533.089,155.032,52.842,2.501,51.292,0.3408
369,1,1,0,25,592,642,50,854.533,832.372,433.371,709.966,1179.704,438.59,23.594,89.422,0.3718
46,1,1,0,24,54,109,55,957.333,538.333,822.359,853.598,1113.447,342.943,20.244,52.613,0.308
194,1,1,0,24,291,344,53,675.0,455.714,1117.75,437.4,443.615,443.129,8.37,15.245,0.9989
227,1,1,0,24,341,386,45,670.778,496.444,1044.769,532.462,450.082,375.722,10.002,69.376,0.8348
396,1,1,0,24,654,706,52,1012.9,523.4,964.4,528.8,100.038,48.8,1.924,22.159,0.4878
134,1,1,0,23,168,217,49,951.667,465.917,664.722,492.833,329.075,288.204,6.716,12.026,0.8758
470,1,1,0,23,809,864,55,1058.333,489.333,713.333,494.333,350.715,345.036,6.377,13.042,0.9838
480,1,1,0,23,832,871,39,678.364,432.909,1119.185,445.58,443.46,441.004,11.371,20.721,0.9945
40,1,1,0,22,44,89,45,692.571,402.607,1125.769,469.462,456.757,438.326,10.15,25.349,0.9596
78,1,1,0,22,94,135,41,670.593,475.39,1115.0,452.457,445.486,444.998,10.866,18.69,0.9989
198,1,1,0,22,305,353,48,675.909,413.909,1118.364,580.455,510.34,472.761,10.632,61.988,0.9264
219,1,1,0,22,335,389,54,819.476,430.619,1118.0,354.0,311.588,308.2,5.77,9.983,0.9891
273,1,1,0,22,425,472,47,1055.333,517.333,897.274,494.884,311.295,159.646,6.623,15.413,0.5128
278,1,1,0,22,437,484,47,466.714,879.107,889.333,705.333,466.245,456.951,9.92,21.896,0.9801
324,1,1,0,22,526,569,43,1423.222,591.097,267.151,654.957,1160.133,1157.834,26.98,51.442,0.998
445,1,1,0,22,764,821,57,1006.364,524.909,702.419,530.484,370.51,303.995,6.5,20.381,0.8205
85,1,1,0,21,98,154,56,1008.333,519.333,783.125,468.75,273.713,230.819,4.888,21.208,0.8433
172,1,1,0,21,240,291,51,957.133,523.267,674.467,496.767,342.335,283.906,6.712,34.545,0.8293
241,1,1,0,21,367,413,46,738.8,681.4,338.756,916.344,494.955,463.934,10.76,22.424,0.9373
320,1,1,0,21,508,558,50,1009.789,529.158,957.333,535.333,105.603,52.818,2.112,26.64,0.5002
349,1,1,0,21,566,604,38,673.727,369.869,1118.548,411.29,456.572,446.746,12.015,23.263,0.9785
55,1,1,0,20,64,109,45,971.176,514.118,671.889,396.844,352.115,321.444,7.825,14.709,0.9129
302,1,1,0,20,476,514,38,716.0,458.455,665.278,475.389,58.29,53.474,1.534,4.291,0.9174
319,1,1,0,20,508,546,38,1034.333,194.178,674.286,400.5,421.854,414.974,11.101,20.43,0.9837
335,1,1,0,20,544,590,46,941.595,331.324,1005.25,333.893,108.143,63.707,2.351,9.535,0.5891
487,1,1,1,20,849,886,37,745.95,697.95,118.724,751.172,632.056,629.48,17.083,40.423,0.9959
42,1,1,0,19,46,84,38,1130.333,464.333,978.467,443.8,382.094,153.248,10.055,27.353,0.4011
256,1,1,0,19,392,427,35,1173.326,817.789,488.5,907.0,877.071,690.612,25.059,76.571,0.7874
303,1,1,0,19,479,520,41,1003.788,454.545,674.4,492.667,334.311,331.586,8.154,20.074,0.9919
304,1,1,0,19,482,524,42,1020.333,534.333,1133.812,499.188,145.796,118.797,3.471,27.126,0.8148
384,1,1,0,19,623,658,35,654.857,768.0,13.474,819.588,714.887,643.454,20.425,47.049,0.9001
388,1,1,0,19,632,666,34,1105.421,478.544,667.667,466.0,439.644,437.934,12.931,27.374,0.9961
466,1,1,0,19,804,853,49,1007.719,324.844,946.333,331.333,96.376,61.727,1.967,13.509,0.6405
467,1,1,0,19,804,849,45,967.0,528.375,1015.857,524.5,171.441,49.011,3.81,14.027,0.2859
207,1,1,0,18,313,351,38,1011.305,532.186,909.892,566.789,157.971,107.154,4.157,29.644,0.6783
482,1,1,0,18,832,870,38,680.636,605.386,1041.5,471.875,449.462,384.77,11.828,19.898,0.8561
34,1,1,0,17,34,74,40,75.444,721.6,1021.895,470.421,1055.327,979.213,26.383,50.944,0.9279
368,1,1,0,17,592,626,34,1140.023,524.535,812.207,682.983,369.34,364.101,10.863,42.287,0.9858
394,1,1,0,17,652,683,31,1120.022,482.789,672.431,470.938,448.331,447.748,14.462,27.488,0.9987
395,1,1,0,17,652,683,31,1123.446,531.27,679.44,565.44,446.952,445.319,14.418,25.925,0.9963
424,1,1,0,17,726,783,57,994.5,325.3,944.333,328.333,90.481,50.258,1.587,9.125,0.5555
10,1,1,0,16,0,28,28,833.298,548.894,1005.333,522.333,181.956,174.074,6.498,23.887,0.9567
24,1,1,0,16,11,46,35,837.853,594.382,673.208,549.5,182.35,170.652,5.21,10.384,0.9359
31,1,1,0,16,26,65,39,955.25,534.625,827.367,593.5,495.389,140.785,12.702,28.617,0.2842
82,1,1,0,16,96,127,31,692.0,529.159,877.727,458.182,235.116,198.827,7.584,41.907,0.8457
110,1,1,0,16,129,167,38,684.02,593.571,847.909,485.909,196.648,196.088,5.175,15.762,0.9972
161,1,1,0,16,225,255,30,1122.692,449.0,1088.333,477.333,290.159,44.534,9.672,34.651,0.1535
389,1,1,0,16,632,666,34,1109.219,540.562,1008.8,520.4,266.126,102.423,7.827,22.119,0.3849
479,1,1,0,16,829,873,44,1012.489,522.756,1140.5,538.0,206.768,128.916,4.699,12.753,0.6235
248,1,1,0,15,385,419,34,721.4,684.8,13.756,808.725,722.782,718.413,21.258,59.289,0.994
20,1,1,0,14,6,38,32,1009.286,518.714,953.615,525.385,86.28,56.069,2.696,52.187,0.6498
32,1,1,0,14,28,56,28,1007.963,510.37,1061.172,476.448,198.13,63.103,7.076,13.914,0.3185
35,1,1,0,14,38,65,27,32.563,688.215,738.317,553.341,720.979,718.526,26.703,71.85,0.9966
57,1,1,0,14,72,98,26,758.333,541.333,669.464,460.911,140.118,119.856,5.389,14.135,0.8554
237,1,1,0,14,357,386,29,673.778,490.5,953.333,526.333,304.763,281.843,10.509,58.137,0.9248
288,1,1,0,14,449,476,27,1125.786,455.643,999.917,649.694,288.995,231.299,10.704,61.577,0.8004
308,1,1,0,14,488,520,32,994.333,520.083,677.85,528.95,337.784,316.608,10.556,20.99,0.9373
380,1,1,0,14,619,644,25,962.8,540.4,1006.0,526.286,95.653,45.447,3.826,15.666,0.4751
403,1,1,0,14,676,706,30,1005.8,324.4,945.118,320.529,118.016,60.806,3.934,29.929,0.5152
137,1,1,0,13,177,209,32,993.778,471.444,856.969,516.594,275.069,144.067,8.596,18.16,0.5237
140,1,1,0,13,179,203,24,961.857,536.19,1131.964,519.964,175.663,170.879,7.319,14.398,0.9728
186,1,1,0,13,264,299,35,957.894,529.106,1008.923,529.308,97.654,51.03,2.79,13.922,0.5226
336,1,1,0,13,544,569,25,1134.286,496.429,988.733,489.667,232.276,145.709,9.291,49.072,0.6273
376,1,1,0,13,612,642,30,1158.667,747.044,405.062,854.229,787.656,761.188,26.255,42.282,0.9664
391,1,1,0,13,644,666,22,942.917,560.167,676.191,595.532,269.899,269.06,12.268,24.675,0.9969
412,1,1,0,13,694,724,30,995.8,323.6,951.128,316.915,69.692,45.17,2.323,43.912,0.6481
426,1,1,0,13,730,754,24,958.8,523.4,1005.833,524.083,86.439,47.038,3.602,42.747,0.5442
48,1,1,0,12,56,89,33,837.7,559.6,1127.769,498.462,303.612,296.442,9.2,21.434,0.9764
53,1,1,0,12,62,84,22,608.497,368.694,353.974,662.279,431.758,388.554,19.625,57.871,0.8999
91,1,1,0,12,104,125,21,1194.971,759.61,757.868,705.679,460.49,440.418,21.928,58.031,0.9564
196,1,1,0,12,296,321,25,716.486,493.081,1012.722,528.611,307.727,298.359,12.309,49.735,0.9696
261,1,1,0,12,405,429,24,940.333,333.333,991.333,333.333,64.159,51.0,2.673,19.933,0.7949
298,1,1,0,12,472,510,38,1118.538,540.154,844.364,476.545,291.043,281.457,7.659,21.258,0.9671
3,1,1,0,11,0,19,19,1330.932,337.89,1011.6,519.6,372.394,367.412,19.6,36.262,0.9866
33,1,1,0,11,34,54,20,71.859,637.128,545.843,418.066,533.354,522.158,26.668,58.449,0.979
143,1,1,0,11,187,209,22,962.364,537.545,1006.8,522.933,100.897,46.777,4.586,23.243,0.4636
170,1,1,0,11,238,257,19,749.171,260.062,1415.841,175.557,680.195,672.004,35.8,67.471,0.988
178,1,1,0,11,244,278,34,958.839,323.161,1007.917,326.833,74.774,49.215,2.199,11.596,0.6582
189,1,1,0,11,272,295,23,964.9,524.7,1010.333,529.333,79.749,45.669,3.467,11.003,0.5727
216,1,1,0,11,324,349,25,696.2,569.0,787.533,503.133,212.716,112.606,8.509,28.641,0.5294
246,1,1,0,11,381,407,26,762.778,502.444,661.527,527.327,104.773,104.263,4.03,7.713,0.9951
265,1,1,0,11,409,431,22,953.429,534.929,1006.333,538.333,75.849,53.014,3.448,27.506,0.6989
379,1,1,0,11,614,640,26,1011.909,531.318,1097.324,549.824,107.149,87.396,4.121,19.686,0.8156
386,1,1,0,11,628,652,24,1007.429,531.286,955.429,528.286,71.643,52.086,2.985,25.686,0.727
441,1,1,0,11,749,773,24,954.045,534.682,1134.2,486.0,212.426,186.616,8.851,42.624,0.8785
474,1,1,0,11,817,841,24,1011.333,526.333,1094.8,482.4,111.933,94.323,4.664,19.251,0.8427
484,1,1,0,11,839,857,18,820.865,616.941,27.352,774.239,810.089,808.954,45.005,72.868,0.9986
66,1,1,0,10,82,99,17,1008.9,517.2,1100.0,520.846,106.037,91.173,6.237,27.459,0.8598
108,1,1,0,10,129,149,20,674.476,397.952,870.817,461.871,206.757,206.483,10.338,14.265,0.9987
222,1,1,0,10,337,357,20,795.259,580.815,806.333,638.333,84.97,58.575,4.248,7.894,0.6894
255,1,1,0,10,392,409,17,1425.188,704.062,955.618,721.073,470.322,469.877,27.666,49.923,0.9991
295,1,1,0,10,465,482,17,672.889,468.222,708.333,485.333,129.508,39.359,7.618,16.629,0.3039
311,1,1,0,10,498,526,28,954.364,333.909,993.333,327.111,80.895,39.558,2.889,10.669,0.489
326,1,1,0,10,528,550,22,1394.538,679.308,810.769,699.077,584.742,584.104,26.579,46.8,0.9989
351,1,1,0,10,569,593,24,722.333,663.333,968.333,537.333,283.447,276.391,11.81,22.199,0.9751
354,1,1,0,10,572,594,22,1010.229,535.146,1009.963,561.37,48.687,26.226,2.213,15.686,0.5387
418,1,1,0,10,712,728,16,802.364,435.909,841.0,472.0,71.015,52.871,4.438,21.058,0.7445
8,1,1,0,9,0,22,22,957.078,521.6,1011.333,517.333,80.297,54.423,3.65,18.25,0.6778
141,1,1,0,9,187,221,34,1008.333,321.333,943.8,328.4,78.934,64.919,2.322,14.279,0.8224
188,1,1,0,9,270,291,21,958.875,325.5,1007.333,326.333,71.769,48.465,3.418,16.167,0.6753
244,1,1,0,9,374,395,21,992.792,327.75,937.111,329.556,63.723,55.71,3.034,25.937,0.8742
247,1,1,0,9,385,401,16,1011.7,546.25,928.483,524.897,117.973,85.913,7.373,34.92,0.7282
257,1,1,0,9,393,415,22,1098.0,937.0,219.0,937.0,881.887,879.0,40.086,68.879,0.9967
259,1,1,0,9,399,419,20,38.768,916.192,307.628,909.766,271.135,268.937,13.557,16.674,0.9919
314,1,1,0,9,504,526,22,1010.581,329.645,943.333,323.333,75.197,67.543,3.418,10.098,0.8982
338,1,1,0,9,550,568,18,1118.286,496.429,960.286,541.286,177.699,164.244,9.872,37.342,0.9243
340,1,1,0,9,554,573,19,534.4,800.42,784.939,631.545,308.472,302.14,16.235,24.303,0.9795
390,1,1,0,9,636,656,20,732.222,528.259,804.4,509.4,75.902,74.601,3.795,7.15,0.9829
159,1,1,0,8,223,236,13,957.333,531.333,1133.622,511.0,179.436,177.457,13.803,28.868,0.989
162,1,1,0,8,225,238,13,965.556,529.111,979.286,572.75,74.369,45.748,5.721,26.262,0.6151
411,1,1,0,8,688,706,18,808.867,485.4,956.889,534.333,185.089,155.901,10.283,30.548,0.8423
52,1,1,0,7,59,74,15,1377.934,650.887,862.786,608.74,522.739,516.869,34.849,52.806,0.9888
56,1,1,0,7,64,79,15,952.333,525.625,848.971,506.647,109.124,105.091,7.275,13.046,0.963
117,1,1,0,7,145,159,14,1120.324,463.912,1013.0,464.895,107.41,107.328,7.672,11.379,0.9992
120,1,1,0,7,150,168,18,1013.286,523.429,982.667,511.476,58.885,32.869,3.271,37.062,0.5582
122,1,1,0,7,152,168,16,1424.159,587.783,964.286,525.429,467.503,464.082,29.219,37.265,0.9927
124,1,1,0,7,154,179,25,999.179,320.679,954.333,318.333,65.592,44.907,2.624,5.423,0.6846
139,1,1,0,7,179,197,18,967.8,531.4,1014.792,520.458,71.713,48.249,3.984,23.357,0.6728
176,1,1,0,7,242,258,16,942.462,579.446,1017.333,523.333,175.625,93.565,10.977,33.1,0.5328
206,1,1,0,7,311,329,18,706.784,527.27,742.721,572.279,144.831,57.596,8.046,36.062,0.3977
293,1,1,0,7,454,476,22,1120.875,488.875,1013.8,453.4,190.706,112.799,8.668,35.529,0.5915
307,1,1,0,7,486,504,18,803.19,510.429,685.346,568.731,131.577,131.478,7.31,11.699,0.9992
343,1,1,0,7,558,573,15,794.778,550.444,670.458,548.854,124.397,124.33,8.293,13.728,0.9995
344,1,1,0,7,558,574,16,599.732,706.049,131.952,735.928,469.133,468.733,29.321,49.986,0.9991
362,1,1,0,7,582,598,16,1008.579,331.316,949.333,335.333,68.11,59.382,4.257,28.779,0.8718
444,1,1,0,7,752,762,10,1015.219,898.344,644.136,821.818,380.056,378.891,38.006,81.46,0.9969
490,1,1,0,7,859,870,11,918.8,697.4,920.286,729.429,43.516,32.063,3.956,6.23,0.7368
43,1,1,0,6,46,59,13,968.886,642.457,598.442,376.233,468.139,456.184,36.011,58.48,0.9745
129,1,1,0,6,161,175,14,1098.167,429.875,1013.316,529.105,165.784,130.562,11.842,23.979,0.7875
138,1,1,0,6,179,189,10,1060.591,484.273,1132.229,478.971,71.95,71.834,7.195,12.484,0.9984
240,1,1,0,6,365,381,16,740.371,496.21,764.333,505.333,26.112,25.641,1.632,3.037,0.9819
275,1,1,0,6,431,443,12,952.364,532.909,1110.027,519.863,163.747,158.203,13.646,51.187,0.9661
312,1,1,0,6,498,512,14,922.64,662.32,961.8,541.4,127.221,127.103,9.087,18.76,0.9991
348,1,1,0,6,564,573,9,1150.286,758.429,971.692,715.0,186.312,183.798,20.701,39.25,0.9865
486,1,1,0,6,845,861,16,959.333,541.333,1082.333,476.333,142.671,139.119,8.917,24.005,0.9751
19,1,1,0,5,6,19,13,953.0,523.1,987.581,512.175,40.283,36.266,3.099,27.759,0.9003
63,1,1,0,5,81,94,13,1017.4,465.8,942.333,326.333,163.743,158.385,12.596,18.086,0.9673
111,1,1,0,5,131,143,12,811.8,507.4,867.333,521.333,90.266,57.255,7.522,36.578,0.6343
112,1,1,0,5,133,143,10,785.542,646.417,861.091,651.682,79.083,75.732,7.908,9.563,0.9576
175,1,1,0,5,242,249,7,1013.8,519.4,966.4,536.4,58.884,50.356,8.412,25.247,0.8552
193,1,1,0,5,291,303,12,1004.333,325.333,944.385,331.769,80.584,60.293,6.715,32.124,0.7482
236,1,1,0,5,355,371,16,1108.667,590.667,1002.24,681.48,140.597,139.906,8.787,9.536,0.9951
271,1,1,0,5,423,435,12,923.154,467.885,862.182,472.182,61.17,61.123,5.098,6.206,0.9992
316,1,1,0,5,504,512,8,947.467,332.667,999.8,326.4,61.497,52.707,7.687,28.499,0.8571
355,1,1,0,5,572,578,6,225.91,658.052,26.214,671.488,200.402,200.148,33.4,53.325,0.9987
477,1,1,0,5,823,835,12,1405.547,600.767,710.18,601.3,695.459,695.367,57.955,70.754,0.9999
5,1,1,0,4,0,6,6,720.286,495.321,662.111,496.778,58.197,58.193,9.699,11.501,0.9999
12,1,1,0,4,0,9,9,837.167,599.95,834.462,505.0,105.466,94.989,11.718,16.585,0.9007
51,1,1,0,4,59,65,6,1375.84,592.802,1136.938,602.068,239.179,239.081,39.863,112.291,0.9996
72,1,1,0,4,87,92,5,305.144,693.934,120.108,766.312,198.703,198.688,39.741,70.698,0.9999
115,1,1,0,4,140,154,14,957.5,320.429,1006.176,324.471,51.994,48.844,3.714,5.474,0.9394
146,1,1,0,4,193,199,6,676.8,525.4,748.875,523.708,72.102,72.095,12.017,18.887,0.9999
152,1,1,0,4,207,215,8,891.8,471.85,911.0,513.0,61.519,45.409,7.69,10.386,0.7381
168,1,1,0,4,233,240,7,957.333,531.333,666.692,496.0,401.627,292.781,57.375,72.924,0.729
177,1,1,0,4,244,253,9,947.524,317.81,998.667,328.667,65.075,52.283,7.231,13.467,0.8034
202,1,1,0,4,308,315,7,1007.8,328.4,944.0,332.235,67.275,63.915,9.611,32.056,0.9501
243,1,1,0,4,369,375,6,840.389,683.111,804.812,689.5,36.535,36.146,6.089,12.846,0.9893
249,1,1,0,4,386,393,7,1112.8,518.5,1116.273,453.455,103.026,65.138,14.718,22.797,0.6323
289,1,1,0,4,449,455,6,296.038,849.415,145.647,869.024,151.839,151.664,25.307,52.196,0.9988
371,1,1,0,4,598,604,6,1117.5,912.5,1205.27,804.71,142.285,139.005,23.714,28.845,0.9769
392,1,1,0,4,644,650,6,268.64,732.387,49.854,776.179,223.196,223.125,37.199,40.217,0.9997
397,1,1,0,4,658,670,12,1008.062,529.688,960.963,523.963,51.442,47.446,4.287,11.093,0.9223
410,1,1,0,4,686,692,6,1013.65,525.0,957.846,533.0,64.782,56.374,10.797,30.052,0.8702
461,1,1,0,4,785,791,6,1067.8,557.4,1013.333,525.333,83.171,63.205,13.862,34.354,0.7599
462,1,1,0,4,789,795,6,673.519,643.556,776.0,620.412,105.175,105.062,17.529,29.156,0.9989
481,1,1,0,4,832,836,4,1072.742,596.646,886.39,609.197,186.811,186.774,46.703,61.934,0.9998
483,1,1,0,4,836,849,13,944.5,329.5,1003.8,330.4,78.044,59.307,6.003,9.913,0.7599
494,1,1,1,4,875,885,10,956.824,320.059,1010.0,324.714,60.592,53.38,6.059,25.753,0.881
496,1,1,1,4,879,884,5,999.8,503.4,967.118,527.706,47.532,40.73,9.506,37.562,0.8569
4,1,1,0,3,0,4,4,717.375,452.536,681.475,454.542,35.983,35.956,8.996,11.407,0.9992
44,1,1,0,3,48,54,6,1005.8,525.8,953.472,527.361,57.075,52.351,9.512,12.013,0.9172
47,1,1,0,3,56,64,8,941.062,321.75,992.923,320.885,53.099,51.868,6.637,17.27,0.9768
70,1,1,0,3,87,90,3,1004.333,321.333,942.0,320.897,62.436,62.335,20.812,61.842,0.9984
88,1,1,0,3,104,116,12,955.864,319.182,995.0,319.286,62.139,39.137,5.178,7.207,0.6298
121,1,1,0,3,150,156,6,957.4,536.8,889.067,548.867,69.448,69.391,11.575,15.22,0.9992
153,1,1,0,3,207,217,10,767.611,501.056,695.333,509.333,72.78,72.75,7.278,8.133,0.9996
167,1,1,0,3,233,236,3,504.766,227.579,674.42,247.783,171.081,170.853,57.027,95.118,0.9987
218,1,1,0,3,329,341,12,959.333,538.333,1017.429,526.286,68.445,59.331,5.704,9.184,0.8668
220,1,1,0,3,335,344,9,822.267,484.033,871.727,476.273,50.274,50.066,5.586,7.329,0.9959
342,1,1,0,3,556,564,8,1014.333,529.333,957.909,538.364,61.118,57.142,7.64,29.559,0.935
361,1,1,0,3,578,582,4,0.4,905.8,201.863,878.669,203.312,203.281,50.828,60.221,0.9998
456,1,1,0,3,777,781,4,1009.76,524.48,1071.4,544.8,65.261,64.903,16.315,29.843,0.9945
458,1,1,0,3,777,781,4,503.095,710.714,563.083,677.083,69.63,68.772,17.407,21.85,0.9877
492,1,1,0,3,868,875,7,954.773,616.091,1006.438,322.875,297.793,297.733,42.542,43.263,0.9998
37,1,1,0,2,39,41,2,1004.75,525.375,962.455,525.182,42.296,42.296,21.148,21.148,1.0
58,1,1,0,2,72,76,4,763.333,611.333,807.605,610.375,44.282,44.282,11.071,11.071,1.0
136,1,1,0,2,177,179,2,991.85,437.95,965.038,437.423,26.817,26.817,13.408,13.408,1.0
149,1,1,0,2,199,201,2,871.188,426.0,877.333,475.333,49.715,49.715,24.857,24.857,1.0
199,1,1,0,2,307,308,1,966.429,493.286,966.286,534.429,41.143,41.143,41.143,41.143,1.0
225,1,1,0,2,339,341,2,952.8,333.4,997.75,330.917,45.019,45.019,22.509,22.509,1.0
272,1,1,0,2,423,427,4,142.788,769.364,217.056,758.282,75.091,75.091,18.773,18.773,1.0
292,1,1,0,2,454,455,1,958.556,325.667,1006.333,326.333,47.782,47.782,47.782,47.782,1.0
294,1,1,0,2,457,459,2,956.333,333.333,1009.974,328.41,53.866,53.866,26.933,26.933,1.0
317,1,1,0,2,504,506,2,1038.273,516.5,961.708,539.875,80.053,80.053,40.027,40.027,1.0
318,1,1,0,2,506,508,2,1101.043,567.565,1056.267,512.667,70.844,70.844,35.422,35.422,1.0
350,1,1,0,2,566,568,2,1011.946,533.429,961.333,545.333,51.994,51.994,25.997,25.997,1.0
385,1,1,0,2,625,628,3,972.222,610.889,957.143,535.571,76.812,76.812,25.604,25.604,1.0
423,1,1,0,2,726,728,2,1004.8,323.4,946.556,316.222,58.685,58.685,29.343,29.343,1.0
231,0,1,0,62,347,520,173,998.286,331.429,995.85,332.5,387.572,2.661,2.24,28.435,0.0069
329,0,1,0,47,534,666,132,999.489,333.133,997.422,321.667,329.187,11.651,2.494,30.685,0.0354
94,0,1,0,41,111,211,100,957.353,521.941,967.471,525.0,141.239,10.57,1.412,9.706,0.0748
252,0,1,0,39,392,484,92,991.333,330.333,1006.5,326.0,76.85,15.774,0.835,3.841,0.2053
365,0,1,0,38,590,658,68,18.549,576.555,3.143,690.714,1329.83,115.194,19.556,46.912,0.0866
29,0,1,0,30,25,90,65,974.655,512.483,1006.286,515.429,224.859,31.767,3.459,45.029,0.1413
157,0,1,0,29,221,308,87,1000.143,321.095,1002.286,333.429,81.625,12.518,0.938,2.917,0.1534
327,0,1,0,28,534,614,80,941.364,329.273,954.125,332.625,88.061,13.194,1.101,3.801,0.1498
232,0,1,0,27,355,407,52,662.562,471.375,659.633,491.837,207.72,20.67,3.995,9.884,0.0995
269,0,1,0,27,419,484,65,939.833,323.0,958.814,331.286,61.638,20.711,0.948,2.84,0.336
262,0,1,0,25,409,474,65,940.148,321.63,952.333,334.333,72.019,17.603,1.108,7.303,0.2444
180,0,1,0,23,247,324,77,951.4,317.8,957.333,324.333,70.028,8.825,0.909,3.306,0.126
416,0,1,0,23,706,752,46,950.8,318.4,949.895,331.737,83.776,13.368,1.821,5.258,0.1596
221,0,1,0,22,335,389,54,965.8,525.4,951.333,523.333,70.757,14.614,1.31,5.219,0.2065
382,0,1,0,20,623,680,57,959.625,327.25,960.909,322.773,99.186,4.658,1.74,3.975,0.047
45,0,1,0,19,54,99,45,1004.0,523.25,1008.333,522.333,51.49,4.429,1.144,2.783,0.086
135,0,1,0,18,171,209,38,1005.158,502.474,1015.333,520.333,102.179,20.555,2.689,17.579,0.2012
155,0,1,0,18,209,245,36,956.533,525.667,968.591,531.0,185.801,13.184,5.161,39.93,0.071
230,0,1,0,18,347,395,48,945.4,329.8,940.857,320.19,76.209,10.629,1.588,11.38,0.1395
352,0,1,0,18,572,614,42,998.217,333.022,1007.385,326.885,36.246,11.032,0.863,3.228,0.3044
14,0,1,0,17,1,46,45,994.583,317.667,992.417,322.792,32.32,5.564,0.718,2.846,0.1722
98,0,1,0,17,116,150,34,1013.857,520.786,1009.333,518.333,44.387,5.146,1.305,5.285,0.1159
229,0,1,0,17,347,392,45,997.333,327.333,997.353,330.0,44.043,2.667,0.979,2.531,0.0605
360,0,1,0,17,578,619,41,957.778,537.111,968.3,531.833,140.416,11.772,3.425,26.452,0.0838
148,0,1,0,16,195,233,38,960.267,523.467,966.286,527.429,261.515,7.206,6.882,37.332,0.0276
383,0,1,0,16,623,666,43,948.321,333.107,945.807,319.86,61.211,13.484,1.424,2.797,0.2203
421,0,1,0,16,724,768,44,941.667,325.417,942.231,329.538,61.809,4.16,1.405,4.139,0.0673
465,0,1,0,16,804,853,49,959.478,323.304,954.769,330.615,50.671,8.696,1.034,4.87,0.1716
75,0,1,0,15,89,131,42,962.333,525.333,954.333,521.333,291.607,8.944,6.943,22.04,0.0307
209,0,1,0,15,317,355,38,966.333,532.333,965.25,534.875,34.089,2.763,0.897,1.674,0.0811
377,0,1,0,14,614,652,38,998.267,330.067,1004.875,324.875,45.935,8.404,1.209,3.418,0.183
446,0,1,0,14,764,791,27,956.789,536.474,965.333,523.333,43.826,15.674,1.623,7.333,0.3576
447,0,1,0,14,768,813,45,995.0,327.0,1006.25,328.0,46.952,11.294,1.043,4.467,0.2406
1,0,1,0,13,0,37,37,945.395,318.541,940.824,321.382,58.626,5.382,1.584,5.108,0.0918
226,0,1,0,13,339,381,42,956.333,332.333,942.846,321.462,143.7,17.323,3.421,20.316,0.1206
406,0,1,0,13,680,706,26,956.333,317.333,957.05,321.15,29.289,3.883,1.127,2.712,0.1326
23,0,1,0,12,9,46,37,994.56,318.6,1002.556,320.667,26.718,8.258,0.722,2.407,0.3091
408,0,1,0,12,680,706,26,959.333,524.333,963.8,521.4,49.821,5.344,1.916,5.671,0.1073
476,0,1,0,12,823,849,26,1007.286,328.429,1008.833,326.583,32.529,2.408,1.251,5.003,0.074
36,0,1,0,11,39,65,26,1006.875,520.875,1007.68,518.64,15.983,2.376,0.615,1.805,0.1486
151,0,1,0,11,205,229,24,683.632,461.789,663.688,472.688,27.826,22.727,1.159,3.06,0.8168
200,0,1,0,11,307,327,20,1010.294,535.706,1012.8,526.4,154.632,9.637,7.732,18.362,0.0623
280,0,1,0,11,439,459,20,957.8,544.4,964.286,548.429,28.934,7.635,1.447,4.932,0.2639
325,0,1,0,11,528,552,24,926.4,468.8,930.812,465.688,158.981,5.4,6.624,12.851,0.034
315,0,1,0,10,504,526,22,1000.25,330.458,998.6,332.7,23.035,2.783,1.047,3.101,0.1208
334,0,1,0,10,542,562,20,1004.333,330.333,996.8,329.8,24.911,7.552,1.246,5.763,0.3032
478,0,1,0,10,825,845,20,960.333,524.333,957.077,527.769,31.446,4.734,1.572,4.637,0.1505
489,0,1,0,10,859,881,22,966.595,531.514,963.333,537.333,122.812,6.671,5.582,24.353,0.0543
2,0,1,0,9,0,26,26,997.486,319.924,1001.75,319.5,144.815,4.285,5.57,18.641,0.0296
169,0,1,0,9,235,261,26,1006.8,325.4,1001.5,330.206,27.78,7.154,1.068,4.327,0.2575
425,0,1,0,9,730,753,23,1010.333,521.333,1007.13,526.957,105.932,6.471,4.606,45.788,0.0611
448,0,1,0,9,768,791,23,1004.3,327.5,1007.5,323.333,23.157,5.254,1.007,2.717,0.2269
449,0,1,0,9,768,793,25,950.875,331.75,946.333,319.333,28.892,13.221,1.156,7.416,0.4576
142,0,1,0,8,187,209,22,997.333,322.333,995.633,323.3,8.222,1.956,0.374,1.37,0.2378
183,0,1,0,8,253,278,25,998.083,322.667,996.4,327.8,18.8,5.402,0.752,1.667,0.2874
322,0,1,0,8,516,534,18,943.0,324.0,949.792,333.979,24.882,12.071,1.382,3.64,0.4851
429,0,1,0,8,743,758,15,996.317,329.159,995.471,324.412,28.668,4.822,1.911,4.281,0.1682
493,0,1,1,8,871,889,18,1005.167,329.917,1008.444,325.259,17.303,5.695,0.961,1.882,0.3291
27,0,1,0,7,22,46,24,941.727,325.727,953.333,318.333,20.805,13.761,0.867,2.134,0.6614
235,0,1,0,7,355,369,14,955.5,532.042,960.333,535.333,21.082,5.848,1.506,2.597,0.2774
455,0,1,0,7,777,795,18,943.0,328.714,959.267,323.667,31.466,17.032,1.748,7.679,0.5413
475,0,1,0,7,821,836,15,955.543,318.457,946.333,320.333,97.793,9.399,6.52,51.352,0.0961
15,0,1,0,6,1,13,12,1003.111,318.556,1002.833,318.25,12.032,0.413,1.003,1.44,0.0343
69,0,1,0,6,87,104,17,993.556,322.0,1005.136,321.227,92.245,11.607,5.426,19.752,0.1258
104,0,1,0,6,125,141,16,1005.062,321.5,995.9,321.3,35.594,9.165,2.225,10.221,0.2575
144,0,1,0,6,193,209,16,947.4,317.8,944.276,321.207,8.754,4.622,0.547,1.644,0.528
145,0,1,0,6,193,209,16,959.7,321.3,956.043,320.174,23.804,3.826,1.488,3.55,0.1607
201,0,1,0,6,308,331,23,996.5,330.273,1003.794,332.265,21.183,7.561,0.921,5.319,0.357
399,0,1,0,6,664,680,16,957.25,322.875,959.333,318.333,31.984,4.997,1.999,3.451,0.1562
417,0,1,0,6,706,720,14,944.2,328.0,944.341,318.878,131.956,9.123,9.425,61.625,0.0691
491,0,1,0,6,861,871,10,1005.857,323.929,1003.8,321.4,115.077,3.26,11.508,44.365,0.0283
185,0,1,0,5,260,272,12,967.333,533.333,956.75,526.375,28.036,12.666,2.336,11.175,0.4518
223,0,1,0,5,339,349,10,1008.727,328.727,1003.188,333.0,11.634,6.996,1.163,2.885,0.6014
323,0,1,0,5,518,528,10,1007.667,534.958,1006.8,534.4,6.229,1.031,0.623,1.067,0.1655
436,0,1,0,5,747,758,11,941.333,325.333,944.636,331.121,25.023,6.664,2.275,5.405,0.2663
101,0,1,0,4,125,140,15,942.974,320.615,943.333,324.333,9.479,3.735,0.632,0.713,0.3941
118,0,1,0,4,150,159,9,958.8,521.8,957.875,526.875,18.555,5.159,2.062,2.861,0.278
156,0,1,0,4,221,235,14,950.139,318.306,951.483,317.379,13.183,1.632,0.942,3.483,0.1238
158,0,1,0,4,221,229,8,996.286,326.429,996.333,325.333,80.133,1.096,10.017,19.306,0.0137
184,0,1,0,4,260,267,7,1100.333,478.333,1113.8,480.4,14.062,13.624,2.009,4.04,0.9689
224,0,1,0,4,339,349,10,944.842,331.737,958.8,328.5,16.479,14.328,1.648,5.838,0.8695
266,0,1,0,4,409,415,6,950.5,541.8,949.333,533.333,11.225,8.547,1.871,4.537,0.7614
300,0,1,0,4,474,484,10,949.4,332.8,947.875,332.25,2.979,1.621,0.298,0.907,0.5443
321,0,1,0,4,512,518,6,1007.625,527.75,1006.088,525.206,6.91,2.972,1.152,1.444,0.4301
405,0,1,0,4,680,692,12,950.44,315.64,944.8,328.4,118.005,13.951,9.834,29.039,0.1182
422,0,1,0,4,724,730,6,962.163,521.98,954.421,524.421,13.335,8.118,2.222,2.706,0.6088
438,0,1,0,4,748,756,8,1095.333,490.333,1084.333,505.333,18.708,18.601,2.338,3.606,0.9943
7,0,1,0,3,0,6,6,1007.763,518.355,1009.667,514.667,4.151,4.151,0.692,1.55,0.9999
16,0,1,0,3,1,6,5,1009.333,520.333,1004.455,518.364,5.515,5.261,1.103,1.603,0.954
17,0,1,0,3,1,6,5,955.214,532.786,957.333,519.333,13.829,13.618,2.766,2.859,0.9847
79,0,1,0,3,94,98,4,1006.444,521.528,1006.25,523.0,3.372,1.485,0.843,0.928,0.4405
87,0,1,0,3,104,116,12,943.763,319.395,943.227,319.136,7.424,0.595,0.619,0.734,0.0801
89,0,1,0,3,104,116,12,994.579,321.842,1006.333,321.333,13.683,11.765,1.14,1.221,0.8599
114,0,1,0,3,140,145,5,943.818,318.273,944.714,317.286,1.455,1.333,0.291,0.357,0.916
210,0,1,0,3,319,331,12,945.067,332.2,951.271,333.083,7.692,6.267,0.641,1.372,0.8147
432,0,1,0,3,744,746,2,717.789,2.684,710.425,5.825,8.021,8.006,4.01,6.146,0.9982
50,0,1,0,2,59,64,5,1002.714,320.714,1002.333,319.889,0.909,0.909,0.182,0.182,1.0
54,0,1,0,2,64,70,6,940.95,321.575,941.25,317.667,3.92,3.92,0.653,0.653,1.0
83,0,1,0,2,98,99,1,971.875,432.875,967.5,432.8,4.376,4.376,4.376,4.376,1.0
84,0,1,0,2,98,99,1,974.364,462.909,968.667,462.267,5.733,5.733,5.733,5.733,1.0
99,0,1,0,2,118,119,1,1133.88,528.6,1124.231,526.308,9.918,9.918,9.918,9.918,1.0
103,0,1,0,2,125,129,4,954.714,318.0,956.667,320.667,3.305,3.305,0.826,0.826,1.0
105,0,1,0,2,125,129,4,994.227,323.0,1005.048,322.0,10.866,10.866,2.717,2.717,1.0
123,0,1,0,2,154,156,2,948.286,316.19,945.8,317.7,2.908,2.908,1.454,1.454,1.0
132,0,1,0,2,164,168,4,1007.905,323.095,1007.333,325.333,2.31,2.31,0.577,0.577,1.0
147,0,1,0,2,195,197,2,692.242,485.394,684.333,482.333,8.481,8.481,4.24,4.24,1.0
179,0,1,0,2,244,245,1,1057.8,472.4,1063.0,473.714,5.364,5.364,5.364,5.364,1.0
195,0,1,0,2,293,296,3,1134.8,484.4,1135.4,486.8,2.474,2.474,0.825,0.825,1.0
234,0,1,0,2,355,357,2,1006.316,529.0,1005.273,527.455,1.865,1.865,0.932,0.932,1.0
263,0,1,0,2,409,411,2,936.333,328.333,948.333,332.333,12.649,12.649,6.325,6.325,1.0
310,0,1,0,2,490,492,2,696.333,488.333,694.357,488.786,2.027,2.027,1.014,1.014,1.0
370,0,1,0,2,598,600,2,945.286,331.929,944.4,332.3,0.96,0.96,0.48,0.48,1.0
400,0,1,0,2,666,668,2,1015.667,522.333,1016.158,520.737,1.67,1.67,0.835,0.835,1.0
402,0,1,0,2,672,676,4,710.364,497.909,725.727,495.727,15.518,15.518,3.879,3.879,1.0
427,0,1,0,2,730,733,3,962.833,527.333,961.14,520.491,7.048,7.048,2.349,2.349,1.0
431,0,1,0,2,744,746,2,706.556,2.556,708.333,0.333,2.846,2.846,1.423,1.423,1.0
452,0,1,0,2,775,777,2,1120.093,486.512,1101.0,485.459,19.122,19.122,9.561,9.561,1.0
468,0,1,0,2,804,807,3,1048.333,612.333,1042.333,612.333,6.0,6.0,2.0,2.0,1.0
473,0,1,0,2,815,817,2,997.185,629.185,986.882,635.412,12.038,12.038,6.019,6.019,1.0
9,0,1,0,1,0,0,0,1124.0,521.879,1124.0,521.879,0.0,0.0,0.0,0.0,0.0
11,0,1,0,1,0,0,0,538.394,602.523,538.394,602.523,0.0,0.0,0.0,0.0,0.0
13,0,1,0,1,0,0,0,842.267,643.25,842.267,643.25,0.0,0.0,0.0,0.0,0.0
25,0,1,0,1,11,11,0,1298.0,763.859,1298.0,763.859,0.0,0.0,0.0,0.0,0.0
28,0,1,0,1,22,22,0,1259.152,805.303,1259.152,805.303,0.0,0.0,0.0,0.0,0.0
38,0,1,0,1,41,41,0,1070.9,658.15,1070.9,658.15,0.0,0.0,0.0,0.0,0.0
39,0,1,0,1,41,41,0,179.295,780.477,179.295,780.477,0.0,0.0,0.0,0.0,0.0
41,0,1,0,1,46,46,0,940.536,323.357,940.536,323.357,0.0,0.0,0.0,0.0,0.0
49,0,1,0,1,56,56,0,842.267,621.2,842.267,621.2,0.0,0.0,0.0,0.0,0.0
59,0,1,0,1,76,76,0,817.4,728.8,817.4,728.8,0.0,0.0,0.0,0.0,0.0
60,0,1,0,1,79,79,0,941.091,319.818,941.091,319.818,0.0,0.0,0.0,0.0,0.0
61,0,1,0,1,79,79,0,1003.0,320.357,1003.0,320.357,0.0,0.0,0.0,0.0,0.0
62,0,1,0,1,79,79,0,993.0,322.625,993.0,322.625,0.0,0.0,0.0,0.0,0.0
67,0,1,0,1,82,82,0,762.4,589.4,762.4,589.4,0.0,0.0,0.0,0.0,0.0
68,0,1,0,1,82,82,0,486.792,935.708,486.792,935.708,0.0,0.0,0.0,0.0,0.0
71,0,1,0,1,87,87,0,575.4,580.8,575.4,580.8,0.0,0.0,0.0,0.0,0.0
73,0,1,0,1,87,87,0,332.713,928.86,332.713,928.86,0.0,0.0,0.0,0.0,0.0
77,0,1,0,1,94,94,0,943.929,316.286,943.929,316.286,0.0,0.0,0.0,0.0,0.0
93,0,1,0,1,110,110,0,958.433,868.031,958.433,868.031,0.0,0.0,0.0,0.0,0.0
95,0,1,0,1,111,111,0,1120.329,867.952,1120.329,867.952,0.0,0.0,0.0,0.0,0.0
96,0,1,0,1,111,111,0,1058.762,871.476,1058.762,871.476,0.0,0.0,0.0,0.0,0.0
97,0,1,0,1,114,114,0,1402.642,849.359,1402.642,849.359,0.0,0.0,0.0,0.0,0.0
102,0,1,0,1,125,125,0,949.111,315.611,949.111,315.611,0.0,0.0,0.0,0.0,0.0
113,0,1,0,1,140,140,0,950.417,316.25,950.417,316.25,0.0,0.0,0.0,0.0,0.0
125,0,1,0,1,154,154,0,958.111,323.111,958.111,323.111,0.0,0.0,0.0,0.0,0.0
130,0,1,0,1,164,164,0,946.917,318.25,946.917,318.25,0.0,0.0,0.0,0.0,0.0
131,0,1,0,1,164,164,0,958.372,321.07,958.372,321.07,0.0,0.0,0.0,0.0,0.0
154,0,1,0,1,207,207,0,172.943,685.571,172.943,685.571,0.0,0.0,0.0,0.0,0.0
160,0,1,0,1,225,225,0,29.356,174.456,29.356,174.456,0.0,0.0,0.0,0.0,0.0
163,0,1,0,1,225,225,0,1136.765,573.824,1136.765,573.824,0.0,0.0,0.0,0.0,0.0
164,0,1,0,1,227,227,0,131.148,175.58,131.148,175.58,0.0,0.0,0.0,0.0,0.0
165,0,1,0,1,229,229,0,316.851,196.596,316.851,196.596,0.0,0.0,0.0,0.0,0.0
166,0,1,0,1,231,231,0,412.075,208.567,412.075,208.567,0.0,0.0,0.0,0.0,0.0
187,0,1,0,1,264,264,0,1013.333,532.833,1013.333,532.833,0.0,0.0,0.0,0.0,0.0
191,0,1,0,1,282,282,0,1134.2,478.0,1134.2,478.0,0.0,0.0,0.0,0.0,0.0
192,0,1,0,1,291,291,0,958.333,325.333,958.333,325.333,0.0,0.0,0.0,0.0,0.0
208,0,1,0,1,315,315,0,147.732,697.803,147.732,697.803,0.0,0.0,0.0,0.0,0.0
211,0,1,0,1,319,319,0,998.0,331.867,998.0,331.867,0.0,0.0,0.0,0.0,0.0
245,0,1,0,1,381,381,0,747.333,476.333,747.333,476.333,0.0,0.0,0.0,0.0,0.0
250,0,1,0,1,386,386,0,1422.276,830.91,1422.276,830.91,0.0,0.0,0.0,0.0,0.0
251,0,1,0,1,389,389,0,1265.811,833.236,1265.811,833.236,0.0,0.0,0.0,0.0,0.0
253,0,1,0,1,392,392,0,1103.667,536.077,1103.667,536.077,0.0,0.0,0.0,0.0,0.0
267,0,1,0,1,415,415,0,889.538,732.0,889.538,732.0,0.0,0.0,0.0,0.0,0.0
270,0,1,0,1,421,421,0,781.333,815.333,781.333,815.333,0.0,0.0,0.0,0.0,0.0
274,0,1,0,1,429,429,0,686.154,870.231,686.154,870.231,0.0,0.0,0.0,0.0,0.0
277,0,1,0,1,435,435,0,608.286,933.429,608.286,933.429,0.0,0.0,0.0,0.0,0.0
281,0,1,0,1,443,443,0,509.621,438.034,509.621,438.034,0.0,0.0,0.0,0.0,0.0
282,0,1,0,1,443,443,0,593.0,535.075,593.0,535.075,0.0,0.0,0.0,0.0,0.0
283,0,1,0,1,445,445,0,1002.5,333.5,1002.5,333.5,0.0,0.0,0.0,0.0,0.0
286,0,1,0,1,445,445,0,421.0,856.893,421.0,856.893,0.0,0.0,0.0,0.0,0.0
291,0,1,0,1,451,451,0,968.5,536.0,968.5,536.0,0.0,0.0,0.0,0.0,0.0
299,0,1,0,1,474,474,0,1005.333,326.333,1005.333,326.333,0.0,0.0,0.0,0.0,0.0
305,0,1,0,1,484,484,0,957.8,323.4,957.8,323.4,0.0,0.0,0.0,0.0,0.0
306,0,1,0,1,484,484,0,1023.667,652.767,1023.667,652.767,0.0,0.0,0.0,0.0,0.0
309,0,1,0,1,488,488,0,897.333,607.333,897.333,607.333,0.0,0.0,0.0,0.0,0.0
313,0,1,0,1,504,504,0,1007.4,325.8,1007.4,325.8,0.0,0.0,0.0,0.0,0.0
328,0,1,0,1,534,534,0,993.714,327.786,993.714,327.786,0.0,0.0,0.0,0.0,0.0
330,0,1,0,1,536,536,0,1169.167,598.574,1169.167,598.574,0.0,0.0,0.0,0.0,0.0
332,0,1,0,1,536,536,0,1183.333,599.333,1183.333,599.333,0.0,0.0,0.0,0.0,0.0
333,0,1,0,1,536,536,0,116.2,727.22,116.2,727.22,0.0,0.0,0.0,0.0,0.0
337,0,1,0,1,546,546,0,359.447,788.362,359.447,788.362,0.0,0.0,0.0,0.0,0.0
339,0,1,0,1,550,550,0,818.333,696.333,818.333,696.333,0.0,0.0,0.0,0.0,0.0
345,0,1,0,1,558,558,0,1359.941,731.221,1359.941,731.221,0.0,0.0,0.0,0.0,0.0
346,0,1,0,1,560,560,0,1274.286,476.429,1274.286,476.429,0.0,0.0,0.0,0.0,0.0
347,0,1,0,1,562,562,0,1254.2,748.85,1254.2,748.85,0.0,0.0,0.0,0.0,0.0
363,0,1,0,1,584,584,0,422.102,876.058,422.102,876.058,0.0,0.0,0.0,0.0,0.0
364,0,1,0,1,586,586,0,536.442,871.233,536.442,871.233,0.0,0.0,0.0,0.0,0.0
366,0,1,0,1,590,590,0,759.105,849.617,759.105,849.617,0.0,0.0,0.0,0.0,0.0
372,0,1,0,1,602,602,0,295.333,733.333,295.333,733.333,0.0,0.0,0.0,0.0,0.0
373,0,1,0,1,604,604,0,965.286,529.429,965.286,529.429,0.0,0.0,0.0,0.0,0.0
374,0,1,0,1,610,610,0,478.042,721.167,478.042,721.167,0.0,0.0,0.0,0.0,0.0
375,0,1,0,1,612,612,0,744.389,586.278,744.389,586.278,0.0,0.0,0.0,0.0,0.0
404,0,1,0,1,676,676,0,806.8,455.4,806.8,455.4,0.0,0.0,0.0,0.0,0.0
433,0,1,0,1,744,744,0,1387.472,746.54,1387.472,746.54,0.0,0.0,0.0,0.0,0.0
434,0,1,0,1,746,746,0,717.833,9.833,717.833,9.833,0.0,0.0,0.0,0.0,0.0
435,0,1,0,1,746,746,0,720.333,12.333,720.333,12.333,0.0,0.0,0.0,0.0,0.0
437,0,1,0,1,747,747,0,1280.642,744.157,1280.642,744.157,0.0,0.0,0.0,0.0,0.0
439,0,1,0,1,748,748,0,1186.145,743.458,1186.145,743.458,0.0,0.0,0.0,0.0,0.0
440,0,1,0,1,748,748,0,1194.682,906.045,1194.682,906.045,0.0,0.0,0.0,0.0,0.0
442,0,1,0,1,749,749,0,1095.941,737.86,1095.941,737.86,0.0,0.0,0.0,0.0,0.0
457,0,1,0,1,777,777,0,956.4,533.8,956.4,533.8,0.0,0.0,0.0,0.0,0.0
460,0,1,0,1,785,785,0,1097.8,487.4,1097.8,487.4,0.0,0.0,0.0,0.0,0.0
464,0,1,0,1,803,803,0,893.625,628.188,893.625,628.188,0.0,0.0,0.0,0.0,0.0
469,0,1,0,1,807,807,0,157.31,777.581,157.31,777.581,0.0,0.0,0.0,0.0,0.0
471,0,1,0,1,809,809,0,22.503,799.906,22.503,799.906,0.0,0.0,0.0,0.0,0.0
472,0,1,0,1,813,813,0,957.333,328.333,957.333,328.333,0.0,0.0,0.0,0.0,0.0
485,0,1,0,1,840,840,0,798.4,712.4,798.4,712.4,0.0,0.0,0.0,0.0,0.0
488,0,1,0,1,855,855,0,154.0,937.0,154.0,937.0,0.0,0.0,0.0,0.0,0.0
495,0,1,0,1,876,876,0,371.216,666.773,371.216,666.773,0.0,0.0,0.0,0.0,0.0
497,0,1,0,1,879,879,0,836.333,806.333,836.333,806.333,0.0,0.0,0.0,0.0,0.0
498,0,1,1,1,889,889,0,959.625,323.25,959.625,323.25,0.0,0.0,0.0,0.0,0.0
